Date,portfolio,MKT,SMB,MOM,RF
2024-05-22,-0.00825120920878444,0.00341221931580456,-0.004039367756835565,-0.007638972715498515,0.0001984126984126984
2024-05-23,-0.007936231222187385,0.006274133171462183,-0.011612532189285494,-0.010177290096584286,0.0001984126984126984
2024-05-24,0.0034495066261006047,-0.0010779403409625016,0.002703910676590879,0.008729193613271402,0.0001984126984126984
2024-05-27,-0.0021151927191096855,-0.0018535437037815559,-0.0003845064619753672,0.00799370322864444,0.0001984126984126984
2024-05-28,0.0054470154490349355,-2.0871512554964255e-05,0.001332676188076873,0.0013954948098521588,0.0001984126984126984
2024-05-29,-0.004969056087075608,-0.004763393170374823,0.004076834724175069,0.0005008986092083698,0.0001984126984126984
2024-05-30,-0.014815769199814163,-0.01610740071030214,-0.008439866034981177,0.011156374719005324,0.0001984126984126984
2024-05-31,0.0011340849921190122,-0.0017860351685668535,0.010674345887678948,0.008156721565422687,0.0001984126984126984
2024-06-03,0.01810251313472828,0.021492563987752095,-0.0014729708920885771,0.03737183484992226,0.0001984126984126984
2024-06-04,-0.028527228579142597,-0.029950644666059373,-0.012653706769700342,-0.011837214600357724,0.0001984126984126984
2024-06-05,0.021631460489633533,0.030063788196298267,-0.000436921390997224,0.003739085505890083,0.0001984126984126984
2024-06-06,0.0059370289482809134,0.005757500975493015,0.009503056929163093,-0.00011800018232631208,0.0001984126984126984
2024-06-07,0.0041733423226216,0.019656202897675782,0.0014987540789558954,0.01270186888322652,0.0001984126984126984
2024-06-10,0.0012073978338841434,0.0030651692220884617,-0.01056762166281188,0.0002340555833487848,0.0001984126984126984
2024-06-11,0.011374785601282736,0.0024580017856361113,0.0055908919687821445,0.018107263100087242,0.0001984126984126984
2024-06-12,0.009028367949826747,0.004711798338485442,0.0062929773079167485,0.004468091072639092,0.0001984126984126984
2024-06-13,-0.007928574895222563,0.0003921645225525874,0.0012835946522497287,0.003336951998691139,0.0001984126984126984
2024-06-14,0.005205829863975414,0.0005700321273210431,-0.0005178236398680279,0.002723447346852164,0.0001984126984126984
2024-06-17,0.0037298203066253085,0.0015357465799291214,0.0029435142781974824,0.004318769911076619,0.0001984126984126984
2024-06-18,-0.004642463753646739,0.0008964105477356512,0.001830510885939443,0.006889026193202736,0.0001984126984126984
2024-06-19,-0.0013157919865527873,-0.0010642066763122935,0.004855134695261809,0.019282256724170704,0.0001984126984126984
2024-06-20,0.00634362001221632,0.0014214015266229177,-0.00021470497923086482,0.0003528377020457021,0.0001984126984126984
2024-06-21,0.01028654551443379,-0.0007905277359112424,0.010315695206426674,0.0018961755844016301,0.0001984126984126984
2024-06-24,-0.000560604869049561,0.0017509681599641362,-0.00023618151036444214,0.0006201097501970588,0.0001984126984126984
2024-06-25,0.014402939970273655,0.005553746660585086,-0.001454489621929369,0.015997569658641915,0.0001984126984126984
2024-06-26,0.00024668066391680054,0.005806167724563839,-0.01390850728541411,0.012384984063248694,0.0001984126984126984
2024-06-27,0.012325078826187457,0.011902952256402182,0.003476676362443941,0.009518742565229936,0.0001984126984126984
2024-06-28,-0.01583208818875724,-0.003165531515495416,-0.0030885774470963342,0.010319517819983224,0.0001984126984126984
2024-07-01,0.01055455427263994,0.010248068333197087,-3.274115793633868e-05,0.01938091021065017,0.0001984126984126984
2024-07-02,0.004858452024283762,6.831207298641433e-06,0.010788246542786432,0.010298310246887417,0.0001984126984126984
2024-07-03,0.007092465823134266,0.0062165577703692295,0.006987820644297331,0.0019507864708521814,0.0001984126984126984
2024-07-04,0.00017707143239901972,0.0015255141360436698,-0.004755951727085604,-0.0018058320660129246,0.0001984126984126984
2024-07-05,0.018405873624737834,0.00603546765806306,-0.0014017172015014442,0.0055172646434401085,0.0001984126984126984
2024-07-08,-0.007621703416356141,-0.0001303711854903271,0.000912494329580402,0.003256731411153203,0.0001984126984126984
2024-07-09,0.0022551452055903655,0.006168322410470634,-0.009823950307423933,-0.01234500803691734,0.0001984126984126984
2024-07-10,0.004702342492928525,-0.001379694904152293,0.0018361920832223534,0.009001871412551328,0.0001984126984126984
2024-07-11,-0.017642523566584696,-0.004934717467918056,-0.00011336343462830297,0.004943321735192645,0.0001984126984126984
2024-07-12,0.0032117169463089152,0.009885834480600658,-0.00046450444916003135,0.02827839770414123,0.0001984126984126984
2024-07-15,0.004826570779683395,0.0016507064880632704,0.0028200413517175064,0.003081599934848752,0.0001984126984126984
2024-07-16,-0.005206569440675035,-0.0022516233377153747,-0.0029358592275633717,0.003648728801713408,0.0001984126984126984
2024-07-17,-0.010907103133690138,-0.002365692868195782,-0.004534244664041916,0.0019067840489312507,0.0001984126984126984
2024-07-18,-0.011780006466855772,0.004209914512385099,-0.007422983561190994,0.02154075955982615,0.0001984126984126984
2024-07-19,-0.013451005559867012,-0.011777458304436623,0.0001879325166087263,0.01749620754627617,0.0001984126984126984
2024-07-22,0.009960517243682195,0.0006871192623364007,-0.005489265663781096,-0.0032560257196216913,0.0001984126984126984
2024-07-23,0.0015462043781010334,0.003861413762478085,0.003366263232738006,0.01797899234573625,0.0001984126984126984
2024-07-24,-0.03292328586391016,-0.009367455701259774,-0.005780081129194275,0.019748217250519735,0.0001984126984126984
2024-07-25,-0.020438136601470716,-0.005014319519275306,0.0017798830597304787,0.019125572892657847,0.0001984126984126984
2024-07-26,0.00874806747756703,0.013608050826427432,0.008134779415608157,0.006825060644964432,0.0001984126984126984
2024-07-29,0.007177264834615451,-0.00048145379045843424,-0.0038068120305034736,-0.0004661506482853048,0.0001984126984126984
2024-07-30,0.00345929593020644,-0.0004437553181654768,0.0032716093661014954,-0.004024896191292284,0.0001984126984126984
2024-07-31,0.014219073579980446,0.005030994154680866,-0.000865368526007727,0.006035068614391277,0.0001984126984126984
2024-08-01,-0.002583227579962988,0.0022781885393390613,-0.0013718752730982812,0.007334925617220124,0.0001984126984126984
2024-08-02,-0.022803383884644313,-0.012029431074809872,-0.00042477430689295825,0.012990917476812025,0.0001984126984126984
2024-08-05,-0.0413293900880201,-0.027660225071086363,-0.012613000155977432,0.019358133655820096,0.0001984126984126984
2024-08-06,0.00214531405993006,-0.0005675337187739431,0.003670667862672568,-0.0007296114473322221,0.0001984126984126984
2024-08-07,0.01150623863261741,0.010308900933380008,0.010314447653357227,0.013303149845729507,0.0001984126984126984
2024-08-08,0.005040118945659982,-0.007946430443670363,0.006900793925827758,0.006096505731791895,0.0001984126984126984
2024-08-09,0.012972849916924436,0.007557043732092162,0.0036929855530474405,-0.0019134687255591507,0.0001984126984126984
2024-08-12,0.00176701902147404,-0.00014098437534568065,0.0001543969952285589,-0.001793278087075586,0.0001984126984126984
2024-08-13,0.004433678900343144,-0.0028019891956181132,-0.0011688800910185457,-0.0007601002444783678,0.0001984126984126984
2024-08-14,-0.017197442951744638,-0.0021846221401290735,-0.004897860302690402,0.008643506329037876,0.0001984126984126984
2024-08-15,0.00454548001722981,0.0013544937235523316,0.002596112970141969,0.0011044788760742805,0.0001984126984126984
2024-08-16,0.013612543239417357,0.017147114685922386,-0.0024974321727792397,0.005622105506139775,0.0001984126984126984
2024-08-19,0.01309954632454943,0.005155357804025815,0.006843021785377076,0.0020026395671309183,0.0001984126984126984
2024-08-20,0.0020925312202053122,0.005037008145272907,-0.0024059627841314553,0.0043818346820402474,0.0001984126984126984
2024-08-21,-0.0014189851626440582,0.0016733553750724677,-0.0030583033695485216,0.008484961075871204,0.0001984126984126984
2024-08-22,-0.003737935098715886,-0.0007587492412134653,-0.005875405429453956,-0.002242059068890253,0.0001984126984126984
2024-08-23,0.009916920764831716,0.0006012255234827884,0.0008571074156074753,0.004179945676410605,0.0001984126984126984
2024-08-26,0.009420033345361959,0.00437225349079991,0.0018503950185775383,0.004248277132541056,0.0001984126984126984
2024-08-27,-0.00879486368004434,-0.0015169781619806604,-0.004828282300869158,-0.003124173776367914,0.0001984126984126984
2024-08-28,-0.004966913547152608,0.0008468923201550451,0.0011104758104872956,0.02347709264122942,0.0001984126984126984
2024-08-29,-0.004364353858200947,0.00254986283623182,-0.005404273278352955,0.007861490005367178,0.0001984126984126984
2024-08-30,0.005296241514157656,0.003131945347925332,0.0008583452314799263,-0.005864089958705132,0.0001984126984126984
2024-09-02,3.2013101843712324e-05,0.0004333111935973811,-0.004134530880482057,0.00263452597101989,0.0001984126984126984
2024-09-03,-0.023246116089108357,-0.0033627941152826577,-0.010513949176319011,0.0007076781533212578,0.0001984126984126984
2024-09-04,-0.004151401794794444,-0.0029924487790729225,-0.007556149042124435,-0.0062802227177754435,0.0001984126984126984
2024-09-05,0.0009871035890262362,-0.001237902510500691,0.004817561541792244,0.005064019239171673,0.0001984126984126984
2024-09-06,-0.020267811219437937,-0.009523662621629075,-0.001587009034578998,0.003404714875456365,0.0001984126984126984
2024-09-09,-0.004132539673602088,0.003139458259702386,-0.0052824903555537825,0.007580242746130641,0.0001984126984126984
2024-09-10,0.001149814629201986,0.006186069372581854,0.00011523456690723001,0.0033125314260449767,0.0001984126984126984
2024-09-11,0.006202070073420241,-0.0013605032744824787,0.0018953661328384652,-0.0006552056605272202,0.0001984126984126984
2024-09-12,0.021196212698674947,0.015140579622697345,0.0047673402247007685,0.007427969797060476,0.0001984126984126984
2024-09-13,0.008606596749637416,0.001916766820768424,0.004785112674159629,0.004116207488198472,0.0001984126984126984
2024-09-16,0.004325865480801868,-0.0005721310199467253,0.0029062787268858315,0.0046369693576034455,0.0001984126984126984
2024-09-17,0.0024841649782278022,-0.0005603773058293577,0.0008958331022547206,6.576603769038942e-05,0.0001984126984126984
2024-09-18,0.002840054347286316,-0.006053159542680535,-0.00013797145008805165,0.009447955999155584,0.0001984126984126984
2024-09-19,0.009534914080482916,0.004596168561110713,0.0018259897103524076,0.010982032901394243,0.0001984126984126984
2024-09-20,0.016990126866959686,0.012342817324394273,-0.0013258270327409262,0.01323821705822473,0.0001984126984126984
2024-09-23,-0.0069288368316421005,0.004217427005096139,-0.004160282211776067,0.005877873904718469,0.0001984126984126984
2024-09-24,0.0037981692827177374,0.0007510977115127209,0.011192926588153669,-0.007092121881662956,0.0001984126984126984
2024-09-25,-0.004361445182777807,0.0028148691306837197,0.0005221143867054322,0.010931474478380974,0.0001984126984126984
2024-09-26,0.011601030819336871,0.010742194826350337,-0.005165886710217733,0.0104715960441722,0.0001984126984126984
2024-09-27,0.0013031738856742958,-0.0023097309750763385,-0.005084807360683099,0.001769569630366341,0.0001984126984126984
2024-09-30,0.014337064863442044,-0.005929887501321729,0.017492153178309815,0.004667915472925999,0.0001984126984126984
2024-10-01,-0.001084377982251519,-0.0017591142856488125,-0.0016825990312068,0.00147437174243075,0.0001984126984126984
2024-10-02,-0.0029912635102028037,-0.0005525831159007747,-0.0010591176388098182,0.0002422391375605594,0.0001984126984126984
2024-10-03,0.000961843228698661,-0.015411996403302226,0.012259092953071997,0.01292594570573943,0.0001984126984126984
2024-10-04,0.00168784169031246,-0.006640389171775504,0.005774478403050159,0.007805323615749799,0.0001984126984126984
2024-10-07,-0.01982821810189804,-0.010140811639463154,-0.003350476738623832,-0.0009959424282237617,0.0001984126984126984
2024-10-08,0.0009285096110884685,0.0027909722791523177,-0.0034143766134740383,-0.004783823120409639,0.0001984126984126984
2024-10-09,-0.005760439709746384,-0.0021657915220746676,0.00043894393520132373,0.013859575680388234,0.0001984126984126984
2024-10-10,0.004320640420568375,0.0010281491603597738,0.0058096061231598444,0.012082000065914627,0.0001984126984126984
2024-10-11,0.0025880471166560767,-0.0017453615185660943,0.004563027962123997,0.0033048828454258655,0.0001984126984126984
2024-10-14,0.0078060564604690305,0.005545776954032572,0.012596364720635673,0.001244632236795432,0.0001984126984126984
2024-10-15,0.0008691487542130292,-0.003347754192314367,-0.003895109274418102,0.003585637285282257,0.0001984126984126984
2024-10-16,-0.0061199067024070904,-0.003971917725851534,-0.0015926536247592759,0.0005493000930049119,0.0001984126984126984
2024-10-17,-0.01033953326572474,-0.008370910040299507,0.010532123599142483,0.01314097038089257,0.0001984126984126984
2024-10-18,0.009929155596097545,0.005412374188161231,-0.0013672767337395463,0.016284396954466866,0.0001984126984126984
2024-10-21,-0.0009512492329537554,-0.002801549215144204,-0.0025805746709160245,0.007282109081317831,0.0001984126984126984
2024-10-22,-0.002101210326144428,-0.007571514642508536,0.0008574336945638252,0.011720513131219452,0.0001984126984126984
2024-10-23,-0.013680838838107744,-0.003715967325623003,-0.003081273575600729,0.001266516248645837,0.0001984126984126984
2024-10-24,0.000996867147146553,-0.003093931020827175,0.004458344875934212,0.015642625026749225,0.0001984126984126984
2024-10-25,0.004264604792519334,-0.0013996271063031521,0.0005553833900824993,0.007883130738419333,0.0001984126984126984
2024-10-28,0.014657643462317566,0.007676378425147003,0.00043394012415842124,0.000701016111996149,0.0001984126984126984
2024-10-29,0.008826763492362203,0.0014255921475212147,0.0029345692801827352,0.01888256181944584,0.0001984126984126984
2024-10-30,0.010026089496038271,-0.0026090764270819784,-0.003683891788050988,-0.0020088754652079726,0.0001984126984126984
2024-10-31,-0.011081791866335663,-0.012298469448347733,0.004308096727862578,-0.013720369953097682,0.0001984126984126984
2024-11-01,0.00035428256589351345,0.003042579822718383,-0.0036007418054147837,-0.004006310656527758,0.0001984126984126984
2024-11-04,-0.011684273883193895,-0.011602800708181933,0.003711165340432608,-0.004053878788086876,0.0001984126984126984
2024-11-05,0.017503689658795212,0.009106113988265552,0.005192637018608765,0.017026134308139863,0.0001984126984126984
2024-11-06,0.022025269278280055,0.015264200677144459,0.0004008368318015078,0.008289788447233097,0.0001984126984126984
2024-11-07,0.007512019877602866,-0.006773279818061553,0.00725199516431633,0.010961780469475315,0.0001984126984126984
2024-11-08,-0.005887570231604736,-0.0005735723034661898,0.0011564480970603255,-0.004336932628049859,0.0001984126984126984
2024-11-11,-0.00033855950144192867,0.0011100648212758807,0.00249105457675244,0.012167414286496259,0.0001984126984126984
2024-11-12,-0.0031228848768522885,-0.005406013760372139,-0.005807201595123532,0.0067311160343515985,0.0001984126984126984
2024-11-13,-0.014648951824486334,-0.011638225380522916,0.0003141801581005958,0.003944447910823521,0.0001984126984126984
2024-11-14,-0.006096621468626644,-0.0034271520388826056,0.002672932903736346,0.006890484070301826,0.0001984126984126984
2024-11-15,-0.010389712117477143,-0.0025895956309512093,-0.004963391625989817,-0.002514121768932604,0.0001984126984126984
2024-11-18,0.012591864201055781,-0.0022439754499749527,0.005324531327878161,-0.01088686153028446,0.0001984126984126984
2024-11-19,0.0070729387809117875,0.004463863185156067,0.005235931817678152,0.01375559920768965,0.0001984126984126984
2024-11-20,-0.005477627580367637,-0.0006245762758596708,-0.0011971045287310356,-0.001716316639741525,0.0001984126984126984
2024-11-21,-0.024276008689112172,-0.0022856548333391917,-0.0044145322994125465,0.0053966021972567625,0.0001984126984126984
2024-11-22,0.004356877373424055,0.02122316282723864,-0.006019547297590657,0.01760926094358549,0.0001984126984126984
2024-11-25,0.004637509514579761,0.009810286671042475,-0.0055526219160760325,0.01027123554610638,0.0001984126984126984
2024-11-26,0.00870527207303572,0.0006650664524418803,0.010863319071609373,0.0062111329566868,0.0001984126984126984
2024-11-27,0.0016514725220918795,0.0002812340922027235,-0.0018347564389434292,0.002487523514177232,0.0001984126984126984
2024-11-28,-0.005511191836079964,-0.012085104948214914,0.0029433553485625,-0.0077295319266750435,0.0001984126984126984
2024-11-29,0.004977690127822141,0.007825622878832454,-0.008429479574778648,-0.006353846227408405,0.0001984126984126984
2024-12-02,0.016011741780968893,0.009980109581459508,-0.0009811800623214864,0.007503881624881439,0.0001984126984126984
2024-12-03,0.0043872064668727,0.005154736650213169,-0.004775545464561518,0.007692384253316309,0.0001984126984126984
2024-12-04,0.008122240577619245,0.00018228435411300577,0.0033711491921406293,0.0149031850300981,0.0001984126984126984
2024-12-05,-0.002266163624689069,0.007706791264386487,0.0014966378932864842,0.0020417438683386,0.0001984126984126984
2024-12-06,0.0069037821430018645,0.0016786179491441022,0.00165187939866653,-0.005558156807806025,0.0001984126984126984
2024-12-09,0.0061286669824939565,-0.001239945317590737,0.014612080260015524,0.0164239651492034,0.0001984126984126984
2024-12-10,0.02849881311487957,0.0026100387869933575,0.007536807723639259,0.007966242899997256,0.0001984126984126984
2024-12-11,0.022442136545411513,0.003981255334426484,0.002575759753012393,0.0080658032363394,0.0001984126984126984
2024-12-12,-0.006147445310320813,-0.0026356433414238883,0.0032936516370107253,0.0057420064570285565,0.0001984126984126984
2024-12-13,-0.006143366339706604,0.006025083315840748,-0.005899536507428933,-0.0040867135984942494,0.0001984126984126984
2024-12-16,0.01644630645526613,0.0006256543574142114,0.006761595674950689,0.006851167150558826,0.0001984126984126984
2024-12-17,-0.009679936929420365,-0.009815127845525103,0.004178972489227108,0.011115382771761684,0.0001984126984126984
2024-12-18,-0.02763313179593214,-0.007863985700188614,-0.0054863252330311805,0.0005653807499752684,0.0001984126984126984
2024-12-19,-0.007049955054830332,-0.0058546089256199816,0.007353464790317151,0.013183375699974204,0.0001984126984126984
2024-12-20,0.006747656479542626,-0.011058830001427952,0.01231714052684519,0.019056724429495193,0.0001984126984126984
2024-12-23,0.01548169519512394,0.004341360560285837,0.00671033631809972,0.004896487985601161,0.0001984126984126984
2024-12-24,0.0004688008347501601,-0.0015807465492974264,0.0009483036923757535,0.005959722672833607,0.0001984126984126984
2024-12-26,-0.003235132323724656,-0.0010948254699589821,-3.570643704215717e-05,0.005027710249715711,0.0001984126984126984
2024-12-27,-0.008521536825257452,0.000960357984098538,-0.0027684049966403596,0.0007764463563244722,0.0001984126984126984
2024-12-30,-0.010981849385041674,-0.007158908885656599,-0.007399481114324244,-0.001989551863521899,0.0001984126984126984
2024-12-31,-0.0058822110579361524,-5.1535559839190604e-05,0.002883101687749369,0.0032838316975927046,0.0001984126984126984
2025-01-01,0.0015040070155735545,0.0010966638873106478,-0.004023151775177288,-0.0005625295655858422,0.0001984126984126984
2025-01-02,-6.98892886226205e-05,0.014593669066259599,-0.012878720348901767,0.00783402421892186,0.0001984126984126984
2025-01-03,0.005098136275892676,-0.0043383603397793204,-0.0026516437383199754,0.0035868707985939894,0.0001984126984126984
2025-01-06,0.008925579171191533,-0.012457134899600666,-0.0001659087575623542,0.017026405092481083,0.0001984126984126984
2025-01-07,-0.0003555130268598053,0.0022633584702118335,-0.008702162474325929,-0.005514402576292147,0.0001984126984126984
2025-01-08,-0.007454940838373004,0.0022957399234789064,-0.0009670523160377864,0.003154360393219131,0.0001984126984126984
2025-01-09,-0.003943410746000569,-0.004649787476014773,-0.0016089612631765894,0.017072144369498554,0.0001984126984126984
2025-01-10,-0.005958847841434147,-0.005166657797106305,-0.0013781257887785798,0.0019961805749383176,0.0001984126984126984
2025-01-13,-0.01032863198445388,-0.01342714007041632,-0.006475561948554616,0.020944054387570125,0.0001984126984126984
2025-01-14,0.003986340864894075,0.0005866477895880718,0.008629551146963985,-0.0055534493099221715,0.0001984126984126984
2025-01-15,0.016522827082746636,0.006925991639449533,0.007430066299866343,0.009482624739536047,0.0001984126984126984
2025-01-16,-0.009967427704677111,0.0004927478036497179,-0.01782782876304935,0.01088014262855814,0.0001984126984126984
2025-01-17,0.007171265920535654,-4.135010135712839e-06,-0.0036464928766388157,0.01867584251865262,0.0001984126984126984
2025-01-20,0.003821150010356346,0.0069597714429288325,0.018187781144129812,0.009544095581248089,0.0001984126984126984
2025-01-21,0.0009094750492536508,-0.00850136656074722,0.002784386520694745,0.007196249701040603,0.0001984126984126984
2025-01-22,-0.0007785470088700869,0.008342674268657018,0.003037471931878111,0.013314703184814902,0.0001984126984126984
2025-01-23,0.0022129142565840234,0.005487716455681449,-0.005804962058086935,0.004503681903380907,0.0001984126984126984
2025-01-24,0.006246341463666647,-0.0027020489733772003,-0.0019380578693216051,0.006242816964950375,0.0001984126984126984
2025-01-27,-0.019405318741705986,-0.013491940558901388,-0.008010367927423519,-0.0074390987593119075,0.0001984126984126984
2025-01-28,0.014301662414958928,0.005316261932297284,0.006529393288065171,0.005595218506605413,0.0001984126984126984
2025-01-29,0.00796403785976659,0.010638099684605355,-0.0009477144190764269,0.01127174796455464,0.0001984126984126984
2025-01-30,0.01711188836301544,0.0025889508589340693,-0.006198483010311982,-0.001683307888936193,0.0001984126984126984
2025-01-31,0.004883603919295433,0.01186051830883967,-0.003837418257655663,0.005285836505307975,0.0001984126984126984
2025-02-01,-0.0029456671007732226,-0.002090731860749928,-0.009715729356476039,0.011509856990317511,0.0001984126984126984
2025-02-03,-0.01135691852787345,-0.004941048984482149,-0.005018504913856244,0.015277197079302102,0.0001984126984126984
2025-02-04,0.019741866487786065,0.013185524520061083,0.002289439184907486,-0.0026521752006129252,0.0001984126984126984
2025-02-05,-0.034165454229448756,-0.0038545806926286487,-0.0035459489652545566,0.009264972307014445,0.0001984126984126984
2025-02-06,0.0010423229481572034,-0.0024199646578574752,0.0034892051463916362,-0.006193596783215548,0.0001984126984126984
2025-02-07,-0.009962793213761152,-0.00048020804362580716,-0.0022073013799660994,0.026292364243068307,0.0001984126984126984
2025-02-10,-0.0031252166963218293,-0.0075439234685456815,-0.0017323541938045976,0.004649712768397874,0.0001984126984126984
2025-02-11,-0.002342375765232223,-0.013063980867016824,0.00495346896288929,-0.005207821619564106,0.0001984126984126984
2025-02-12,-0.0016921591806059923,-0.0010153160889469276,0.003205477588795938,0.013338061083622297,0.0001984126984126984
2025-02-13,0.013145935221354531,0.0037541924554434286,0.0076069644509223116,0.011140682945457274,0.0001984126984126984
2025-02-14,-0.0018249660568621054,-0.0038272970193632696,-0.000603185595924175,0.005937818656007113,0.0001984126984126984
2025-02-17,0.002079297112488907,0.0008660722554017725,0.001910047193937852,0.004790315797058512,0.0001984126984126984
2025-02-18,-0.0028327281746524037,0.0011399711400472835,0.005775966329584694,-0.0027702366232739773,0.0001984126984126984
2025-02-19,0.00520285171216736,-0.002306576541980183,0.0029217318195420396,0.01727914526590754,0.0001984126984126984
2025-02-20,-0.0008702811901479645,-0.0007063396873570339,0.0023268015117002164,-0.0008703346288929817,0.0001984126984126984
2025-02-21,-0.014088300270439492,-0.004940100859447676,-0.005941200858893801,0.011668611014093618,0.0001984126984126984
2025-02-24,-0.005694201252505495,-0.009482272640317351,0.001001560884065937,0.010184690233922862,0.0001984126984126984
2025-02-25,-0.012552782343435383,-0.005960278441659559,-0.0037837212562115367,0.019839566707925433,0.0001984126984126984
2025-02-26,-0.010915779875639716,-0.0016424212024851882,-0.003147973971429944,-0.0016722031284560146,0.0001984126984126984
2025-02-27,-0.008636007135997211,-0.0027020327714780933,0.0013134968255647502,0.01654787009675383,0.0001984126984126984
2025-02-28,-0.000852077460237453,-0.018475565222120544,0.013356827445890791,0.011973300109072842,0.0001984126984126984
2025-03-03,-0.0036151711542341167,0.0001965749545293373,0.002687989011232916,0.004740288051932986,0.0001984126984126984
2025-03-04,0.009936141605964342,-0.0027397451179324646,0.004920209531809289,-0.0021022835542406915,0.0001984126984126984
2025-03-05,0.014998828711421209,0.01648943878476577,0.005104494983640634,0.008089538847348516,0.0001984126984126984
2025-03-06,0.0007875072393728722,0.007823283195721042,-0.008584731915625867,0.00038449408263709246,0.0001984126984126984
2025-03-07,0.00614031701509648,0.0011709481360772825,-0.005087819118818311,0.010271840722565293,0.0001984126984126984
2025-03-10,-0.027395635825347583,-0.00700670711344194,-0.006056569889125963,0.011830991089246885,0.0001984126984126984
2025-03-11,-0.005819214571109854,-0.002159620712445846,-0.009447422083592486,0.006274754714057806,0.0001984126984126984
2025-03-12,0.004270044758367555,-0.006317577816951694,0.007244161260477869,0.025716993293692685,0.0001984126984126984
2025-03-13,-0.019269600330596538,-0.005545397580938744,-0.00550667454349588,0.01011497986712963,0.0001984126984126984
2025-03-14,0.010498942175787208,0.002643073511639934,0.005065890897309873,-0.0049919752674753804,0.0001984126984126984
2025-03-17,-0.00038212185594698736,0.004305336612076747,-0.0036591699137553248,0.007222345828748145,0.0001984126984126984
2025-03-18,-0.0115499750934488,-0.0016810020725264066,-0.003221920639008946,0.004424930175952897,0.0001984126984126984
2025-03-19,0.022286547162483412,0.018168259134773178,-0.0013270225201855272,0.017588713013931487,0.0001984126984126984
2025-03-20,0.0013817470496030608,0.008156199110602676,-0.0032577703454239526,0.0032108063026830003,0.0001984126984126984
2025-03-21,0.009871010446707618,0.006798651411211348,-0.004801572026615267,0.010326351435812398,0.0001984126984126984
2025-03-24,0.014441232840064622,0.012018877053885539,0.006865927129938932,0.010035031361244475,0.0001984126984126984
2025-03-25,0.009706624558181758,0.0029740775265405914,-0.000835350744201126,-0.012742993163703753,0.0001984126984126984
2025-03-26,-0.019234915547638613,-0.009510233312010053,-0.003592702412013032,0.00985705593431823,0.0001984126984126984
2025-03-27,-0.006049203889056331,0.001733845403084966,0.0029957644121649417,0.00458712022683199,0.0001984126984126984
2025-03-28,-0.02552534907500816,-0.007347512541529737,-0.015571369846258854,0.0255030810516064,0.0001984126984126984
2025-03-31,0.003434651428732975,0.000539966264889893,0.0010349353410389617,-0.0017741748703525057,0.0001984126984126984
2025-04-01,0.0044312672182820765,-0.0073934292332249706,0.006602983914927294,-0.015335140836408793,0.0001984126984126984
2025-04-02,0.0009393916660263104,0.0034659177355927844,0.001064851808515874,-0.00479144269997424,0.0001984126984126984
2025-04-03,-0.034648427554548035,-0.007709660938434137,-0.019207491056164136,0.058872525064916616,0.0001984126984126984
2025-04-04,-0.03614771424021737,-0.023341975791867763,-0.016516513462800697,0.03318313603477228,0.0001984126984126984
2025-04-07,-0.026025515970268448,-0.026927691225524852,-0.006373840156325063,-1.9514812360604122e-05,0.0001984126984126984
2025-04-08,-0.004318002719728445,0.008462523102707554,-0.009325275332660622,0.012566918924965025,0.0001984126984126984
2025-04-09,0.0637681746034068,0.012260890587747762,0.020736327706291035,0.003551361171126025,0.0001984126984126984
2025-04-10,-0.023506145963442044,-0.004474428562776964,-0.008575988078655847,0.011357921749114177,0.0001984126984126984
2025-04-11,0.03347463178993702,0.018001804831737748,0.0174850053007621,-0.007787180845045309,0.0001984126984126984
2025-04-14,0.008792872883197474,0.0014212416083969615,0.002724046416094176,-0.003150587906038663,0.0001984126984126984
2025-04-15,-0.0005709127025737312,0.015378691820185307,-0.011014173154794448,0.005225598365704687,0.0001984126984126984
2025-04-16,-0.012780121261148492,-0.002343292876701295,-0.005216721035827572,0.017254912490915264,0.0001984126984126984
2025-04-17,-0.002518960078126466,0.008317683441533772,-0.014404861219400327,0.021068807725275116,0.0001984126984126984
2025-04-21,-0.005387516104560456,0.0065654116300886715,-0.00041412147304998453,0.016270035870864667,0.0001984126984126984
2025-04-22,0.020046808015824313,0.004230240879762189,0.004500113345500315,0.0009182911183647068,0.0001984126984126984
2025-04-23,0.014507367675439602,0.009745821803893592,0.0035792632750709305,-0.02831559253668227,0.0001984126984126984
2025-04-24,0.015010917212216717,0.0029263429252419167,0.008366166586971419,-0.00672028324406745,0.0001984126984126984
2025-04-25,0.0038631898240856105,-0.007168035218657652,0.003481550145234719,0.004039306069015338,0.0001984126984126984
2025-04-28,0.005490723186871118,0.007814811220241535,-0.0013892166778373084,0.011703177296783922,0.0001984126984126984
2025-04-29,-0.005939328291486757,-0.003861443831682173,-0.0018345237982629273,-0.0016368533036560224,0.0001984126984126984
2025-04-30,-0.005194923622970998,0.0025753528766291624,-0.0022098096586039544,0.00949807064725012,0.0001984126984126984
2025-05-01,0.00818725906877248,0.004167629451701489,0.007987956449094521,0.010342092247270973,0.0001984126984126984
2025-05-02,-0.0139113761069943,-0.005214560559622284,-0.000816957601637444,0.021507061943326064,0.0001984126984126984
2025-05-05,-0.007225516765161436,0.00039512376167792087,-0.006897108786868369,0.0014645718144460518,0.0001984126984126984
2025-05-06,0.0004533769091322241,-0.0012477339084718772,-8.02363835784674e-05,0.0003487439287724566,0.0001984126984126984
2025-05-07,-0.037162291124866596,-0.0039001539484822666,0.00013457339204544236,-0.00103665526889193,0.0001984126984126984
2025-05-08,0.0064363910158217585,-0.002208223231666618,0.0006971649118217656,-0.003486518603331712,0.0001984126984126984
2025-05-09,-0.005823151948903743,-0.00899213499840826,0.006706542880764701,-0.004732337595669727,0.0001984126984126984
2025-05-12,0.0449684551195401,0.039204024325227585,0.010356492234594075,0.030698964919225205,0.0001984126984126984
2025-05-13,-0.000928093160447118,-0.010887391857329332,-0.002437356742283266,-0.0006218279845846223,0.0001984126984126984
2025-05-14,0.017160019668880384,0.006328217385710307,0.0023663176835273707,0.014651266746600746,0.0001984126984126984
2025-05-15,0.011245073003297815,0.013458178839685397,-0.005051359104063487,-0.001355897854256034,0.0001984126984126984
2025-05-16,0.0020776232878343065,3.631733665302498e-05,-0.0030131000727722157,-0.001996340260667798,0.0001984126984126984
2025-05-19,-0.001425577426333268,-0.001985825912127119,-0.00012135860011374322,-0.005072554967642996,0.0001984126984126984
2025-05-20,-0.011320193853247753,-0.009337601788150936,0.006872558215286186,0.006210372045899486,0.0001984126984126984
2025-05-21,0.007731013474649893,0.0018503652939932899,-0.004412768595287706,0.0043684836238544154,0.0001984126984126984
2025-05-22,0.007349380190180589,-0.006200423961594897,0.0029467101204851435,0.0018085055940379857,0.0001984126984126984
2025-05-23,-0.009144575487402452,0.00566060106354939,-0.0022690090321177796,0.00205410776820371,0.0001984126984126984
2025-05-26,0.0075153994865308615,0.00418740099983118,0.001629864308757932,0.0012735397582870186,0.0001984126984126984
2025-05-27,0.009798525487554431,-0.003836468791297041,0.0077752284238371255,0.009318279205815834,0.0001984126984126984
2025-05-28,-0.0046598293797593775,-0.0070227739083835875,0.005039422269303936,0.0034606454718600433,0.0001984126984126984
2025-05-29,3.56228338933267e-05,0.004452687955295708,-0.001019893270181876,0.0006354506405867565,0.0001984126984126984
2025-05-30,-0.004143324347074074,-0.005172588758541097,0.006377523152653183,0.0020312558324077556,0.0001984126984126984
2025-06-02,-0.011210604930182482,-0.0022918170999081207,-0.0037735846625541825,-0.004199768040905858,0.0001984126984126984
2025-06-03,-0.009596260405168441,-0.007137517270168749,0.002703790311380484,0.006184563778914378,0.0001984126984126984
2025-06-04,0.0031400779103442143,0.002282492353315665,0.0008608453131531827,0.003977487235229489,0.0001984126984126984
2025-06-05,0.00028178195364586116,0.0042829536696812045,0.0015903859690297628,0.0021545117085579758,0.0001984126984126984
2025-06-06,0.02959764500245572,0.012007026832893728,0.007250758573863935,0.012709918787117707,0.0001984126984126984
2025-06-09,0.005778689520748706,0.00596165619682603,0.0010116911702311212,-0.0004158275645539389,0.0001984126984126984
2025-06-10,0.005850700962647223,0.004835404126357484,0.000854569699301957,0.010497177072481942,0.0001984126984126984
2025-06-11,-0.004264875999964809,0.0008822674859861493,-0.0027486736281048287,0.011228292111988662,0.0001984126984126984
2025-06-12,-0.008149554491762256,-0.007815495345116415,0.003009589607003228,0.006363402581794464,0.0001984126984126984
2025-06-13,-0.007655532599068956,-0.006550764098952987,-0.00277776780857823,0.0025287394013291387,0.0001984126984126984
2025-06-16,0.012746087294240673,0.00959588209674476,0.0006896787826230055,-0.0010857485863757475,0.0001984126984126984
2025-06-17,-0.0054468741747762985,-0.004996174972102836,0.0013255022172648989,0.006317476087212257,0.0001984126984126984
2025-06-18,-0.011075005757812442,-0.003932990372158865,0.0006836466457034278,0.0020838873125488423,0.0001984126984126984
2025-06-19,0.002746219598227024,-0.0006682571570314778,0.005444491884296704,0.007934235712285322,0.0001984126984126984
2025-06-20,-0.01232539039720429,0.0057982255759228525,-0.002501744941442012,0.0012624119314921089,0.0001984126984126984
2025-06-23,-0.006883694199090545,-0.005234839450428627,0.0008136023587986966,0.003028992482575472,0.0001984126984126984
2025-06-24,0.007158442054300026,0.0030219507621491097,0.005552414439088426,0.008241284091686387,0.0001984126984126984
2025-06-25,0.017295198637578682,0.009752529203169342,0.0008420973156580396,-0.0034297504811622147,0.0001984126984126984
2025-06-26,0.01113626785452777,0.007905500069986969,-0.0017394702540222328,0.0045249622577334826,0.0001984126984126984
2025-06-27,0.014214916315096615,0.005999460595475563,-0.009077738117979812,0.0013858618351145768,0.0001984126984126984
2025-06-30,-0.007316531231243619,-0.005346066340242478,0.0021166841080190986,0.0033121788139807316,0.0001984126984126984
2025-07-01,0.0020596724747939136,-0.0015187230681009303,0.004379687699769193,0.013558046202644796,0.0001984126984126984
2025-07-02,0.018966339956265,0.00470714555553024,0.0032247259532965943,0.018445947737884043,0.0001984126984126984
2025-07-03,-0.0008550243191557369,0.00029377705594250654,0.0015791180375452276,-0.0025680228634263414,0.0001984126984126984
2025-07-04,-0.0002889418201198323,0.00310498756464245,-0.0035268445041248663,-0.0015161195522933602,0.0001984126984126984
2025-07-07,-0.009673026214530308,-0.00046425974803777974,-0.0038778745919007627,-0.007829119962424556,0.0001984126984126984
2025-07-08,-0.005024339782092156,0.00026014213458118137,0.004886216949041112,0.009126059005902338,0.0001984126984126984
2025-07-09,0.005186431548984715,0.0006507042340273019,-0.00010993779424238752,0.005793055506425124,0.0001984126984126984
2025-07-10,0.003914070150016558,-0.0019410008393320865,0.00042380787197911283,0.0005834005907125542,0.0001984126984126984
2025-07-11,0.004643107023474302,-0.001360882902848183,-0.005763363853526596,0.0137381268291468,0.0001984126984126984
2025-07-14,0.0027210703358766406,-0.003439179980810544,0.0007697189418363077,0.007540745583413349,0.0001984126984126984
2025-07-15,0.000718973123284694,0.0037104243019822503,-0.0019920603361310773,0.0008630094928840128,0.0001984126984126984
2025-07-16,0.001574951996007224,0.0007154196550153822,0.0032564092913397623,-0.0026330892974366954,0.0001984126984126984
2025-07-17,0.0022546782358242442,-0.0009455688162852162,0.0024983244431794425,0.010662123939382009,0.0001984126984126984
2025-07-18,0.004242267867128703,-0.002491639370140669,0.006746092235738804,0.013354284618291419,0.0001984126984126984
2025-07-21,0.016382667360280743,0.0021667187629533648,0.004242986475862735,0.016401405421559483,0.0001984126984126984
2025-07-22,0.003565737188565817,-0.0016893558677157818,-0.001699915127875247,0.009330949533730861,0.0001984126984126984
2025-07-23,-0.0012223228074848972,0.0020281587135774215,0.00029199407813252417,-0.010017814246487209,0.0001984126984126984
2025-07-24,0.004346224939911381,-0.005229509559332271,0.010090707583217704,0.013156386721166305,0.0001984126984126984
2025-07-25,0.0002372125034510275,-0.007456710932247269,0.0037597605858557996,0.013550128643501913,0.0001984126984126984
2025-07-28,-0.00047433174652961735,-0.00588746130948925,-0.00410964126230884,0.02254017155814092,0.0001984126984126984
2025-07-29,0.007881234506882513,0.0029749485760610507,0.002045248336044964,0.0015065234605219832,0.0001984126984126984
2025-07-30,0.001405964546364547,0.00016730596571029358,-0.006254445998540879,0.0012880736452795289,0.0001984126984126984
2025-07-31,-0.00962473140797069,-0.00017590395476951848,-0.0013271650594579366,0.008816185113204129,0.0001984126984126984
2025-08-01,-0.016514282493083062,-0.011167862415855651,-0.007944905331236072,0.009997139072877439,0.0001984126984126984
2025-08-04,0.023502653503117785,0.008226262039935895,0.006270848227106802,-0.0010604770510317853,0.0001984126984126984
2025-08-05,-0.0028440062241834297,-0.004622244217153216,-0.0009199545457029383,0.0018430407326925913,0.0001984126984126984
2025-08-06,0.009737189888468042,-0.0022736139335073928,0.002149607377663383,0.016552896630404157,0.0001984126984126984
2025-08-07,0.008365290201967602,0.0029389497430551102,0.005005266320965053,0.003470176675915046,0.0001984126984126984
2025-08-08,0.012772077399813744,-0.004344790478237591,0.008923059538508528,0.019303832054378196,0.0001984126984126984
2025-08-11,-0.0008322363460847901,0.005409163912157317,-0.00336987494734202,-0.0056512610640225835,0.0001984126984126984
2025-08-12,0.005577819224215443,0.000623619206634408,0.0017920152943723955,0.012885278413188601,0.0001984126984126984
2025-08-13,0.00010725911885413302,0.002413787789778931,0.004333239426382077,-0.003230775388678648,0.0001984126984126984
2025-08-14,0.00019630774407513435,-8.068710468975644e-05,0.0011506152046011,0.002057629436246544,0.0001984126984126984
2025-08-15,0.0016678653532369743,-0.00020882546815104635,-0.0004002488139561722,-0.0006861408239248666,0.0001984126984126984
2025-08-18,0.008824366339360873,0.01282016886065028,-0.020293394874989594,0.02014030226376056,0.0001984126984126984
2025-08-19,-0.006444408477429578,0.0021721857445536606,-0.007412791987359192,-0.003735624258197242,0.0001984126984126984
2025-08-20,-0.005807956444280865,0.004541143141613096,-0.004495340070213903,-0.008394185111635937,0.0001984126984126984
2025-08-21,-0.0016576364784559854,0.0004608264284439312,-0.0026887903766473686,-0.00033816054464482935,0.0001984126984126984
2025-08-22,0.011824438295481514,-0.006257055066313239,0.005551887241515747,0.009369197269059049,0.0001984126984126984
2025-08-25,0.006060796478931178,0.005831579489498673,0.00041731051195366495,0.0038748219425955217,0.0001984126984126984
2025-08-26,-0.006111848771218767,-0.005454036156268885,-0.003903790364549547,0.027402870242213072,0.0001984126984126984
2025-08-27,0.0014528172317049895,0.0007021357248766417,0.0013457601393468965,0.0009696153484072109,0.0001984126984126984
2025-08-28,0.006871489354575087,-0.006942949164522254,0.0032303085561438205,0.008885793125079946,0.0001984126984126984
2025-08-29,-5.4092417637086816e-05,-0.0014828466624382483,0.0025001841187412025,0.00751171938304981,0.0001984126984126984
2025-09-01,0.0035056923649534476,0.006092336740237077,-0.0005787560441420344,0.007369607110214171,0.0001984126984126984
2025-09-02,-0.00351083563118568,4.70030829460047e-05,-0.0018524392275350752,0.0008793079684258037,0.0001984126984126984
2025-09-03,0.05749490851624866,0.010237422734829865,0.019465123229959688,0.025127222684420504,0.0001984126984126984
2025-09-04,0.004630105677733007,-0.0020667475814742063,-0.0005222704868912324,-0.0003515728685873195,0.0001984126984126984
2025-09-05,0.005763313287191238,-0.0012482416728028644,-0.0012456185384099486,0.012269645636336448,0.0001984126984126984
2025-09-08,0.0051513039286661165,8.38343209196918e-05,-0.00036889691472420454,0.003187854233097246,0.0001984126984126984
2025-09-09,0.01063163311592562,0.006932472502272488,0.009584521824796091,0.017855028847397283,0.0001984126984126984
2025-09-10,-0.0055984681580404025,0.0034555445565465372,-0.0010890214607610785,0.01157907578922625,0.0001984126984126984
2025-09-11,0.003811054824832806,0.0014862566568504699,-0.0004249794386696271,-0.005990455710342449,0.0001984126984126984
2025-09-12,0.004246646448776058,0.003675937130769418,0.0013405579566257765,0.0014247424605890536,0.0001984126984126984
2025-09-15,0.023958566965760875,-2.6288530706939664e-05,0.005423568983419398,0.00315884859461297,0.0001984126984126984
2025-09-16,0.004046512820182272,0.0071670687955486066,-0.0017843695400101616,0.005054699561077417,0.0001984126984126984
2025-09-17,-0.003886630012435004,0.0024072002244816177,-0.004956110504144359,-0.00020577156288368952,0.0001984126984126984
2025-09-18,0.007196959778368153,0.005971012366934261,5.235185739117451e-05,-0.0007327070046660843,0.0001984126984126984
2025-09-19,0.00868954965490344,-0.0015698856301904775,0.006876626351856576,0.013080201567175154,0.0001984126984126984
2025-09-22,-0.0001833163151314908,-0.0057195406143838255,0.002167511680398208,0.018594735738788386,0.0001984126984126984
2025-09-23,0.003054897268532894,-0.0006633722828781656,0.003939096780543905,0.018734182794603024,0.0001984126984126984
2025-09-24,-0.007907004768247811,-0.0034548973165879904,-0.0018936676149427568,0.006384012464294589,0.0001984126984126984
2025-09-25,-0.0008191623462398893,-0.0059776050856928074,-0.0002297001566426175,0.008885870301643133,0.0001984126984126984
2025-09-26,-0.004772654773134763,-0.010360905226424067,0.0016709790546431246,0.00643825921669813,0.0001984126984126984
2025-09-29,-0.008621913099650469,-0.002628684120213438,0.004466604897339689,-0.0035107337249111587,0.0001984126984126984
2025-09-30,0.0035004341910264266,0.0013385742939820205,-0.003405505742541163,-0.0001955319109825382,0.0001984126984126984
2025-10-01,0.006668104349759681,0.008884015783273575,-0.0014134180767480936,0.00945007706529025,0.0001984126984126984
2025-10-02,0.0024084605898616477,9.406272452843587e-05,0.00018028688867950207,0.001400345983357587,0.0001984126984126984
2025-10-03,0.003639925487210901,0.005044294308756887,0.007350545145825869,0.007949544364881758,0.0001984126984126984
2025-10-06,0.009356825060247575,0.007116706912570989,-0.00532941059206715,0.007335801011005934,0.0001984126984126984
2025-10-07,-0.009639421621240428,-0.0009804634852426785,-0.002057763076171485,-0.0032766392577454296,0.0001984126984126984
2025-10-08,-0.004809247379761532,-0.0032652958239059475,0.00541713770587242,-0.0029824228208634096,0.0001984126984126984
2025-10-09,-0.0003656334921840475,0.005883449040816425,-0.0015980240866664682,-0.0022262395769085796,0.0001984126984126984
2025-10-10,-0.015828244864789707,0.000669988869565384,-0.009388856012329812,9.026337391652029e-07,0.0001984126984126984
2025-10-13,0.015381470748126931,-0.0031723260879154003,0.004033927870883354,0.003555288912179393,0.0001984126984126984
2025-10-14,-0.0006597088286152406,-0.003955328909832243,0.0027789819274785586,0.002740125970050419,0.0001984126984126984
2025-10-15,0.01591695901421717,0.006460128035214761,-0.0015035149785477299,0.004593992409524041,0.0001984126984126984
2025-10-16,0.004127518830064693,0.009876459176355433,-0.0063459181891632665,0.009107859338032487,0.0001984126984126984
2025-10-17,0.004968234291123084,0.0010944825971281203,-0.007056619512566516,0.01529999681200113,0.0001984126984126984
2025-10-20,0.004582872492816057,0.004458855756959349,0.004300156406303181,0.010331384993591526,0.0001984126984126984
2025-10-21,-0.009811297094001492,0.00023249967284334338,4.260827130227987e-06,0.0004273339699326639,0.0001984126984126984
2025-10-22,0.000325223795222691,-0.00025937650981645914,-0.0004971383104815467,0.0,0.0001984126984126984
2025-10-23,-0.0011025478699488304,0.0028296658537043033,0.006948474952733559,0.010645861397711271,0.0001984126984126984
2025-10-24,0.016190818094424336,-0.0023639627185093022,0.007110541083196009,0.009509330575924846,0.0001984126984126984
2025-10-27,0.02297264529830716,0.007168674884495096,0.004036230280687659,0.004883956030300419,0.0001984126984126984
2025-10-28,0.0044093962724835395,-0.0005065738856185307,0.011023017211797742,0.007782826677097367,0.0001984126984126984
2025-10-29,0.019585479304249618,0.005236299726415145,0.0023501290202341193,0.011078932486936286,0.0001984126984126984
2025-10-30,0.013028383753621883,-0.005869949854601267,-0.002972200342526447,0.011409638047783848,0.0001984126984126984
2025-10-31,-0.0029913799164266847,-0.005768230306174716,-0.0024105221892505684,0.004718462922167901,0.0001984126984126984
2025-11-03,0.0012029476988082237,-0.002774320352915283,0.0036616439085097397,0.004837555541741034,0.0001984126984126984
2025-11-04,-0.014140585624796524,-0.009849029591702278,-0.0022613841381746175,0.0027621763342230744,0.0001984126984126984
2025-11-05,0.011977115782425416,0.0004705502248753763,0.000901887931011138,0.005529107189981944,0.0001984126984126984
2025-11-06,-0.0034503746327627454,-0.0023992836930814914,-0.007399851637612148,0.011151656321489433,0.0001984126984126984
2025-11-07,-0.008806732026543754,-0.0011130515123630724,0.0005702725417199952,-0.0008046637971178552,0.0001984126984126984
2025-11-10,0.022443024679717486,0.005203692426962783,0.009100266758743609,0.01291120068005948,0.0001984126984126984
2025-11-11,0.008444317449042537,0.005798267454309693,0.0008012332186083286,0.0035662777231667713,0.0001984126984126984
2025-11-12,-0.01088828475863558,0.00381225373999416,-0.008059921639181936,0.005623811545631852,0.0001984126984126984
2025-11-13,-0.012025645328592245,-0.002344173723635997,-0.00497947890437922,-0.005640777372607392,0.0001984126984126984
2025-11-14,-0.008505486011878406,-0.001629648716742475,-0.001265798079660665,0.0012270111046357923,0.0001984126984126984
2025-11-17,0.015301064257706273,0.0022449813529170927,0.0009764698189273821,0.0006327530060561098,0.0001984126984126984
2025-11-18,-0.004485475346665156,-0.0048959860464023956,-0.003942462483678865,0.00615308908138528,0.0001984126984126984
2025-11-19,0.016289729198388236,0.010738230086670129,-0.00568836413510557,0.027562284194225222,0.0001984126984126984
2025-11-20,-0.005241701885339946,-0.0004775902682186586,-0.00186857044599196,-0.0022881037212437406,0.0001984126984126984
2025-11-21,0.011474322249139864,-0.0018152376501215251,-0.00028810502558356444,0.012386024439630518,0.0001984126984126984
2025-11-24,0.0240347114611014,-0.0003292402218208213,0.0042711265314458275,0.02343186208396543,0.0001984126984126984
2025-11-25,0.0088886533040749,-0.002235987183689264,0.0036074657975221345,-0.0031317276267014416,0.0001984126984126984
2025-11-26,0.00737316507573156,0.013190503720096017,-0.0008238590947120088,-0.005863899914223125,0.0001984126984126984
2025-11-27,0.002494250388724987,0.00016001599592385674,0.0012262172553079902,0.007294928374533795,0.0001984126984126984
2025-11-28,0.0005840356695740964,0.0007789233811978549,0.0004668547751772301,0.005970103858545002,0.0001984126984126984
2025-12-01,-0.004100832166018052,0.00044732118239694833,0.0007839403365298333,-0.0022779543951209863,0.0001984126984126984
2025-12-02,3.8246362852978884e-05,-0.0009759111076468994,5.834554108432482e-05,0.008068787893937295,0.0001984126984126984
2025-12-03,0.0016088190546683615,-0.00017651831861190248,0.0017351420098600944,0.01787099924227583,0.0001984126984126984
2025-12-04,-0.0029755135027213714,0.003558581943328201,-0.005323136755242711,0.006627048646034106,0.0001984126984126984
2025-12-05,0.008046766632649619,-0.00011943907728617642,0.01166671443321589,0.006234870055319308,0.0001984126984126984
2025-12-08,-0.022653522460940236,-0.007249469317944235,-0.003619488564684945,0.00673645729950629,0.0001984126984126984
2025-12-09,0.0012010984511429737,-0.005629895458033834,-0.00024174009028789332,0.001669822672082837,0.0001984126984126984
2025-12-10,0.0020481396436656035,-0.0012654922534506188,0.00045825398563764165,0.010421593942644223,0.0001984126984126984
2025-12-11,-0.010218373548344296,0.006441874006292775,0.00034026524512180325,-0.005008225738408565,0.0001984126984126984
2025-12-12,0.0010036290529778721,0.0044343753441332245,-0.004064499722943119,0.0025042260601255534,0.0001984126984126984
2025-12-15,-0.0064147645255077535,-0.00032242611099532047,-0.003207348704473917,-0.001444539294667527,0.0001984126984126984
2025-12-16,-0.011571726708382904,-0.009135917419300093,0.005562014712208524,0.010850303895253308,0.0001984126984126984
2025-12-17,-0.01857802665929388,-0.0029957436924866404,-0.0024430915307245005,-0.0009505705827403638,0.0001984126984126984
2025-12-18,0.010724985299964199,0.0010705149229108474,0.004740351133055221,0.014630882544913546,0.0001984126984126984
2025-12-19,0.007444149680227264,0.003751654068192773,0.002726089552947175,-0.002419301785702694,0.0001984126984126984
2025-12-22,0.007908029254384545,0.008528771107266811,-0.002530148666431477,0.01388241744861932,0.0001984126984126984
2025-12-23,0.007950760864349427,0.0027689512777546964,0.0033565983839685667,-0.0060561773316381495,0.0001984126984126984
2025-12-24,-0.0013565139790123147,-0.002123027442049633,-0.0005877516496657353,-0.003561323070171524,0.0001984126984126984
2025-12-26,-0.0007743546000581443,-0.0027500779591863346,-0.00043932751626237204,-0.003265794035826148,0.0001984126984126984
2025-12-29,-0.0005909859885430618,-0.001821350865741485,-0.00017900265852180321,0.0019167914518990786,0.0001984126984126984
2025-12-30,0.00533948905212261,-0.00032229067574904654,0.0022372392552241207,-0.0032840843231210903,0.0001984126984126984
2025-12-31,0.012372726680099519,0.007552619952072623,0.0018779469997276246,0.004364589325574739,0.0001984126984126984
2026-01-01,0.0014564633713671032,-0.0014695253042639961,-0.006558943636445187,0.026789695249459986,0.0001984126984126984
2026-01-02,0.006161355631125073,0.0019316161867418643,-0.006178592639004887,0.004021565743799368,0.0001984126984126984
2026-01-05,0.0028503125902633744,0.0017910477095103101,-0.014347045724528006,0.018434051150937564,0.0001984126984126984
2026-01-06,-0.005735231252537461,-0.0015130306454161767,-0.008968286934286267,0.0184551376025825,0.0001984126984126984
2026-01-07,0.01517648555321004,0.0007105803360101152,0.0013361586570820965,-0.0030597432119282087,0.0001984126984126984
2026-01-08,-0.003379828014014949,-0.011364898523428184,-0.0035828660523513634,-0.001973101892870397,0.0001984126984126984
2026-01-09,0.0037567042606277048,-0.0046933332154134935,0.006579088662269561,0.0018382581070886129,0.0001984126984126984
2026-01-12,0.011843567298468206,0.005637166002650243,-0.0011460955864566781,0.012446892395485496,0.0001984126984126984
2026-01-13,0.006465621973189194,-0.002349349911611924,-0.00020762477190287886,0.009552559668152018,0.0001984126984126984
2026-01-14,-0.00033201207174124713,-0.003446213662156583,0.0011567871118960812,0.020243520322928452,0.0001984126984126984
2026-01-15,-0.0053067318211309005,-0.0009462792817928877,-0.0018137019567697015,-0.00033994951583021,0.0001984126984126984
2026-01-16,-0.0045129205184516,-0.001274363922293129,0.009824669093009204,0.016467906188289846,0.0001984126984126984
2026-01-19,-0.0022732297568186003,-0.004482394675181117,-0.0017858736650092411,0.019044985644479793,0.0001984126984126984
2026-01-20,-0.022589602120790846,-0.015898428933671584,-0.00029212354199018714,0.002552578536060786,0.0001984126984126984
2026-01-21,0.012229485686214703,-0.00017995283645613394,-0.0011989927575336676,0.007439631046293479,0.0001984126984126984
2026-01-22,0.005927395654632134,0.008912918233295793,0.006393685875328892,0.007833983669574012,0.0001984126984126984
2026-01-23,-0.008138956214029014,-0.00464605585489806,0.006068168379822709,-0.0005932662668072086,0.0001984126984126984
2026-01-26,0.011702760559749694,0.0024025778928210033,0.004604940961240256,-0.0019227791883072525,0.0001984126984126984
2026-01-27,0.018025648915789096,0.006697698810302423,0.0018777143971633221,0.021633360234831738,0.0001984126984126984
2026-01-28,0.0008597486231254777,0.002187427147876482,0.0019314086251067185,0.001878780153571093,0.0001984126984126984
2026-01-29,0.010093620319183028,-0.004748748684602597,0.0039671973497404055,0.03841169794993677,0.0001984126984126984
2026-01-30,-0.006728086304091738,-0.003626805834529287,-0.01067407178757695,-0.002137017563153527,0.0001984126984126984
2026-02-02,0.00889634028815166,-0.002529259436283503,0.009071739766589655,0.0004209485702410297,0.0001984126984126984
2026-02-03,0.004078844628142849,0.017273501602410552,-0.007648976323692377,0.003183744691995241,0.0001984126984126984
2026-02-04,-0.005769604179434914,-0.002549278731651976,-0.003662454122786053,0.02651894867840332,0.0001984126984126984
2026-02-05,-0.000894089588225225,-0.004440253080928865,-0.002171594748317036,0.012817993624053337,0.0001984126984126984
2026-02-06,-0.011557030140485605,0.0043716746036657015,0.00104212084823453,0.0070771695062855165,0.0001984126984126984
2026-02-09,0.002270633374265276,0.004924787384234548,0.003160885387110389,0.007041540764516383,0.0001984126984126984
2026-02-10,-0.00855066463233122,0.001794744371598361,-0.002743058744026814,0.003376753673003433,0.0001984126984126984
2026-02-11,-0.009798427627451731,-0.0034414289321095634,-0.004019416502838992,0.016313668237534773,0.0001984126984126984
2026-02-12,-0.008473339971055548,-0.013512309173412656,-0.00338625215271344,0.027683860574741433,0.0001984126984126984
2026-02-13,-0.012698268518593988,-0.016408220481103724,0.0034484178511690767,0.006139502109339287,0.0001984126984126984
2026-02-16,0.003979772042210987,0.0071160636314182716,0.005398748561751951,0.015256769586469552,0.0001984126984126984
2026-02-17,-0.0029963771081029916,0.002560819502296841,0.004435584233500904,0.0030024726597783764,0.0001984126984126984
2026-02-18,0.004164281173841255,0.0038670019166006627,-0.0013871611246082105,0.01194771413149057,0.0001984126984126984
2026-02-19,-0.009185044604138302,-0.013163499927462092,0.005145593938562645,-0.006241042282965356,0.0001984126984126984
2026-02-20,0.023738930727212195,0.006183850688449723,0.0006015170332070233,0.006780432304832258,0.0001984126984126984
2026-02-23,-0.003059416983833369,0.003665376524064015,-0.008766655290519775,0.018839596961225724,0.0001984126984126984
2026-02-24,0.004392506517063511,-0.007886890907179523,0.008389788546862939,0.028693340937746305,0.0001984126984126984
2026-02-25,0.009929763007933154,0.009514948372234471,-0.0027079404666278204,-0.003202103906945166,0.0001984126984126984
2026-02-26,-0.007782354555089373,-0.00010925791460809244,-0.005795147918502513,0.004620058656483771,0.0001984126984126984
2026-02-27,-0.0022689395064175964,-0.011495726710895864,-0.0018492553088735077,-0.027353444314737727,0.0001984126984126984
2026-03-02,-0.007773584492905285,-0.00657025927938039,0.007664683336601277,0.00875996239657395,0.0001984126984126984
2026-03-03,-0.005154000570703949,1.0572309677019291e-05,2.0263593547620307e-05,0.0013702185092167823,0.0001984126984126984
2026-03-04,-0.0145208846967436,-0.016871653054215438,0.004194688631366341,-0.01208350044928495,0.0001984126984126984
2026-03-05,0.003254750236767661,0.007463779516012654,0.003088404328743349,0.019395762379815804,0.0001984126984126984
2026-03-06,-0.011483261573724594,-0.01073592903158676,0.0049253519278471755,0.0056510019560952795,0.0001984126984126984
2026-03-09,0.002288632517019933,-0.014866848220574236,0.013323834693233786,0.010451514696994044,0.0001984126984126984
2026-03-10,0.009201167375062262,0.009309637298767404,-0.0020407820430544572,0.0021201209889343898,0.0001984126984126984
2026-03-11,-0.007619855973464143,-0.010397690918647685,0.009975144427095017,0.017125758964538065,0.0001984126984126984
2026-03-12,-0.014087793329980742,-0.00981100057783363,0.005027200528002622,0.01281963122140444,0.0001984126984126984
2026-03-13,-0.019267369912496276,-0.01460465447032137,-0.014096345688455577,0.026401384047602332,0.0001984126984126984
2026-03-16,0.014861616814754076,0.008226119899990959,0.00035127734034215777,-0.014297352682440971,0.0001984126984126984
2026-03-17,0.015911258282244222,0.004974840028750473,0.0013414086203192878,0.010318001566130846,0.0001984126984126984
2026-03-18,-0.0035787506372374537,0.003637340629906384,-0.004549029275193226,-0.011243933114155693,0.0001984126984126984
2026-03-19,-0.016516727235624605,-0.024230513342754258,0.00471591050819594,0.02237223426301108,0.0001984126984126984
2026-03-20,-0.0006214570920763566,0.005264356924538546,0.0011014945262093753,-0.001059271227731608,0.0001984126984126984
2026-03-23,-0.013287103688041802,-0.02074636244404381,0.004634447870541351,0.02835520914799434,0.0001984126984126984
2026-03-24,-0.010309486823781638,0.010087179717453973,-0.011648102394368594,-0.022185990910757347,0.0001984126984126984
2026-03-25,0.00796728006983842,0.014169863930713646,-0.00827673184169203,-0.01271870658977476,0.0001984126984126984
2026-03-26,-0.016693080054353042,-0.0020435795652289077,-0.003916860833355407,0.0,0.0001984126984126984
2026-03-27,-0.02178440626810736,-0.014619302988841967,0.0024683487324989473,0.011638100616125104,0.0001984126984126984
2026-03-30,-0.006943694949666725,-0.01619532713330011,0.005052497269580885,0.01469225200195631,0.0001984126984126984
2026-03-31,0.028810257336777487,0.004855136194890347,0.009305677706873164,0.011491280602853982,0.0001984126984126984
2026-04-01,0.02315587814103096,0.010974985292105204,-0.0060074694949178095,0.008126734593063963,0.0001984126984126984
2026-04-02,-0.0020287688060626565,0.0027682625066014874,0.005028169061626968,-0.001405871049716535,0.0001984126984126984
2026-04-06,0.008094682287209144,0.00965673769472818,-0.0022480979195110846,0.0060163358666307344,0.0001984126984126984
2026-04-07,0.011950166882485461,0.006670100178958421,0.0015103859841576273,0.015268578277281977,0.0001984126984126984
2026-04-08,0.037420632013491766,0.025505553375376237,-0.01084879350869486,0.01032473745060988,0.0001984126984126984
2026-04-09,0.004511496208298077,-0.00310978694983252,0.0059103714084681805,0.005560640865490431,0.0001984126984126984
2026-04-10,0.00214697374557034,0.006442578989422011,-0.0062977098812270725,0.012276010237145309,0.0001984126984126984
2026-04-13,0.004853629450943446,-0.007552611275094357,0.009414294825848619,0.009256245054019403,0.0001984126984126984
2026-04-14,0.0174769660054521,0.002496223475794257,0.0047844283286056595,0.0019091062588868662,0.0001984126984126984
2026-04-15,0.013227239048634461,0.02010800122747905,0.001766856443347932,0.004519723465285605,0.0001984126984126984
2026-04-16,-0.004135800686771916,0.0007329854723903225,-0.00026496586814557565,0.0097821586347328,0.0001984126984126984
2026-04-17,0.017789862732456516,0.009808770206251087,-0.0018932912451026813,0.0009001075163757657,0.0001984126984126984
2026-04-20,0.0037365174172673244,0.00028256097814516806,-0.004340246912441103,0.010393776962170618,0.0001984126984126984
2026-04-21,-0.007344994710762684,0.009098318819275513,-0.014636936854542244,0.02546799656596277,0.0001984126984126984
2026-04-22,0.01183400485158454,0.002541595853856083,0.004871392053224159,0.00507159467237593,0.0001984126984126984
